{"cameraMode":{"drawMode":0,"name":"Shaded","section":"Shading Mode"},"sceneLighting":false,"audioPlay":false,"sceneViewState":{"showFog":true,"showMaterialUpdate":false,"showSkybox":false,"showFlares":true,"showImageEffects":true,"showParticleSystems":true},"in2DMode":false,"pivot":{"x":10.133498191833496,"y":1.5,"z":5.235915660858154},"rotation":{"x":0.1386270523071289,"y":0.8331059217453003,"z":-0.24164025485515595,"w":0.4778870642185211},"size":21.682828903198243,"orthographic":false}